date,Region,Sku,Type,total sales
01-12-2009,Hyderabad,Oil,Sales,3106
02-12-2009,Hyderabad,Oil,Sales,3254
03-12-2009,Hyderabad,Oil,Sales,2951
04-12-2009,Hyderabad,Oil,Sales,2529
05-12-2009,Hyderabad,Oil,Sales,2644.541758
06-12-2009,Hyderabad,Oil,Sales,1911
07-12-2009,Hyderabad,Oil,Sales,2828
08-12-2009,Hyderabad,Oil,Sales,2192
09-12-2009,Hyderabad,Oil,Sales,2441
10-12-2009,Hyderabad,Oil,Sales,2403
11-12-2009,Hyderabad,Oil,Sales,1439
12-12-2009,Hyderabad,Oil,Sales,1886.875091
13-12-2009,Hyderabad,Oil,Sales,1767
14-12-2009,Hyderabad,Oil,Sales,4066
15-12-2009,Hyderabad,Oil,Sales,1976
16-12-2009,Hyderabad,Oil,Sales,3207
17-12-2009,Hyderabad,Oil,Sales,1867
18-12-2009,Hyderabad,Oil,Sales,2034
19-12-2009,Hyderabad,Oil,Sales,2170.708425
20-12-2009,Hyderabad,Oil,Sales,628
21-12-2009,Hyderabad,Oil,Sales,620
22-12-2009,Hyderabad,Oil,Sales,1977
23-12-2009,Hyderabad,Oil,Sales,527
24-12-2009,Hyderabad,Oil,Sales,1157.2
25-12-2009,Hyderabad,Oil,Sales,938
26-12-2009,Hyderabad,Oil,Sales,622.541758
27-12-2009,Hyderabad,Oil,Sales,1041.333333
28-12-2009,Hyderabad,Oil,Sales,1252
29-12-2009,Hyderabad,Oil,Sales,527
30-12-2009,Hyderabad,Oil,Sales,1702.430321
31-12-2009,Hyderabad,Oil,Sales,1838.255967
01-01-2010,Hyderabad,Oil,Sales,1390.866272
02-01-2010,Hyderabad,Oil,Sales,1242.535152
03-01-2010,Hyderabad,Oil,Sales,1206.006654
04-01-2010,Hyderabad,Oil,Sales,634
05-01-2010,Hyderabad,Oil,Sales,911
06-01-2010,Hyderabad,Oil,Sales,294
07-01-2010,Hyderabad,Oil,Sales,987
08-01-2010,Hyderabad,Oil,Sales,712
09-01-2010,Hyderabad,Oil,Sales,392.141758
10-01-2010,Hyderabad,Oil,Sales,700
11-01-2010,Hyderabad,Oil,Sales,2664
12-01-2010,Hyderabad,Oil,Sales,1081
13-01-2010,Hyderabad,Oil,Sales,1593
14-01-2010,Hyderabad,Oil,Sales,2172
15-01-2010,Hyderabad,Oil,Sales,646
16-01-2010,Hyderabad,Oil,Sales,1160.541758
17-01-2010,Hyderabad,Oil,Sales,1114
18-01-2010,Hyderabad,Oil,Sales,1890
19-01-2010,Hyderabad,Oil,Sales,1853
20-01-2010,Hyderabad,Oil,Sales,1136
21-01-2010,Hyderabad,Oil,Sales,1156
22-01-2010,Hyderabad,Oil,Sales,1467
23-01-2010,Hyderabad,Oil,Sales,1120.541758
24-01-2010,Hyderabad,Oil,Sales,1268
25-01-2010,Hyderabad,Oil,Sales,1663
26-01-2010,Hyderabad,Oil,Sales,1525
27-01-2010,Hyderabad,Oil,Sales,1523
28-01-2010,Hyderabad,Oil,Sales,1195
29-01-2010,Hyderabad,Oil,Sales,1164
30-01-2010,Hyderabad,Oil,Sales,1074.208425
31-01-2010,Hyderabad,Oil,Sales,1393
01-02-2010,Hyderabad,Oil,Sales,1385
02-02-2010,Hyderabad,Oil,Sales,1157
03-02-2010,Hyderabad,Oil,Sales,1459
04-02-2010,Hyderabad,Oil,Sales,1515
05-02-2010,Hyderabad,Oil,Sales,953
06-02-2010,Hyderabad,Oil,Sales,994.8750913
07-02-2010,Hyderabad,Oil,Sales,813
08-02-2010,Hyderabad,Oil,Sales,1330
09-02-2010,Hyderabad,Oil,Sales,1051
10-02-2010,Hyderabad,Oil,Sales,860
11-02-2010,Hyderabad,Oil,Sales,824
12-02-2010,Hyderabad,Oil,Sales,780
13-02-2010,Hyderabad,Oil,Sales,627.541758
14-02-2010,Hyderabad,Oil,Sales,1186
15-02-2010,Hyderabad,Oil,Sales,888
16-02-2010,Hyderabad,Oil,Sales,1898
17-02-2010,Hyderabad,Oil,Sales,1008
18-02-2010,Hyderabad,Oil,Sales,1344
19-02-2010,Hyderabad,Oil,Sales,1625
20-02-2010,Hyderabad,Oil,Sales,1009.375091
21-02-2010,Hyderabad,Oil,Sales,919
22-02-2010,Hyderabad,Oil,Sales,1125
23-02-2010,Hyderabad,Oil,Sales,1153
24-02-2010,Hyderabad,Oil,Sales,1323
25-02-2010,Hyderabad,Oil,Sales,1505
26-02-2010,Hyderabad,Oil,Sales,982
27-02-2010,Hyderabad,Oil,Sales,852.3750913
28-02-2010,Hyderabad,Oil,Sales,1282
01-03-2010,Hyderabad,Oil,Sales,1197
02-03-2010,Hyderabad,Oil,Sales,1529
03-03-2010,Hyderabad,Oil,Sales,1726
04-03-2010,Hyderabad,Oil,Sales,1900
05-03-2010,Hyderabad,Oil,Sales,1266
06-03-2010,Hyderabad,Oil,Sales,1167.875091
07-03-2010,Hyderabad,Oil,Sales,1791
08-03-2010,Hyderabad,Oil,Sales,1946
09-03-2010,Hyderabad,Oil,Sales,1162
10-03-2010,Hyderabad,Oil,Sales,1571
11-03-2010,Hyderabad,Oil,Sales,1295
12-03-2010,Hyderabad,Oil,Sales,910
13-03-2010,Hyderabad,Oil,Sales,1130.375091
14-03-2010,Hyderabad,Oil,Sales,668
15-03-2010,Hyderabad,Oil,Sales,1662
16-03-2010,Hyderabad,Oil,Sales,1303
17-03-2010,Hyderabad,Oil,Sales,1274
18-03-2010,Hyderabad,Oil,Sales,1575
19-03-2010,Hyderabad,Oil,Sales,1364
20-03-2010,Hyderabad,Oil,Sales,992.2084246
21-03-2010,Hyderabad,Oil,Sales,1371
22-03-2010,Hyderabad,Oil,Sales,1485
23-03-2010,Hyderabad,Oil,Sales,1296
24-03-2010,Hyderabad,Oil,Sales,1485
25-03-2010,Hyderabad,Oil,Sales,1868
26-03-2010,Hyderabad,Oil,Sales,1355
27-03-2010,Hyderabad,Oil,Sales,1161.208425
28-03-2010,Hyderabad,Oil,Sales,1834
29-03-2010,Hyderabad,Oil,Sales,1960
30-03-2010,Hyderabad,Oil,Sales,1815
31-03-2010,Hyderabad,Oil,Sales,1869
01-04-2010,Hyderabad,Oil,Sales,1702
02-04-2010,Hyderabad,Oil,Sales,1836
03-04-2010,Hyderabad,Oil,Sales,1520.541758
04-04-2010,Hyderabad,Oil,Sales,1836.5
05-04-2010,Hyderabad,Oil,Sales,1795.333333
06-04-2010,Hyderabad,Oil,Sales,1089
07-04-2010,Hyderabad,Oil,Sales,1373
08-04-2010,Hyderabad,Oil,Sales,2000
09-04-2010,Hyderabad,Oil,Sales,912
10-04-2010,Hyderabad,Oil,Sales,1028.041758
11-04-2010,Hyderabad,Oil,Sales,1111
12-04-2010,Hyderabad,Oil,Sales,948
13-04-2010,Hyderabad,Oil,Sales,1249
14-04-2010,Hyderabad,Oil,Sales,1093
15-04-2010,Hyderabad,Oil,Sales,1140
16-04-2010,Hyderabad,Oil,Sales,855
17-04-2010,Hyderabad,Oil,Sales,750.541758
18-04-2010,Hyderabad,Oil,Sales,1451
19-04-2010,Hyderabad,Oil,Sales,3111
20-04-2010,Hyderabad,Oil,Sales,1523
21-04-2010,Hyderabad,Oil,Sales,1315
22-04-2010,Hyderabad,Oil,Sales,1412
23-04-2010,Hyderabad,Oil,Sales,1136
24-04-2010,Hyderabad,Oil,Sales,1342.541758
25-04-2010,Hyderabad,Oil,Sales,1319
26-04-2010,Hyderabad,Oil,Sales,1938
27-04-2010,Hyderabad,Oil,Sales,1647
28-04-2010,Hyderabad,Oil,Sales,1777
29-04-2010,Hyderabad,Oil,Sales,2021
30-04-2010,Hyderabad,Oil,Sales,1234
01-05-2010,Hyderabad,Oil,Sales,1340.541758
02-05-2010,Hyderabad,Oil,Sales,840
03-05-2010,Hyderabad,Oil,Sales,1503.8
04-05-2010,Hyderabad,Oil,Sales,1399
05-05-2010,Hyderabad,Oil,Sales,1513
06-05-2010,Hyderabad,Oil,Sales,2060
07-05-2010,Hyderabad,Oil,Sales,1344
08-05-2010,Hyderabad,Oil,Sales,1115.741758
09-05-2010,Hyderabad,Oil,Sales,1749
10-05-2010,Hyderabad,Oil,Sales,1610
11-05-2010,Hyderabad,Oil,Sales,1687
12-05-2010,Hyderabad,Oil,Sales,1253
13-05-2010,Hyderabad,Oil,Sales,1335
14-05-2010,Hyderabad,Oil,Sales,805
15-05-2010,Hyderabad,Oil,Sales,1091.041758
16-05-2010,Hyderabad,Oil,Sales,1496
17-05-2010,Hyderabad,Oil,Sales,1378
18-05-2010,Hyderabad,Oil,Sales,1488
19-05-2010,Hyderabad,Oil,Sales,1186
20-05-2010,Hyderabad,Oil,Sales,1592
21-05-2010,Hyderabad,Oil,Sales,1289
22-05-2010,Hyderabad,Oil,Sales,1089.375091
23-05-2010,Hyderabad,Oil,Sales,1327
24-05-2010,Hyderabad,Oil,Sales,1412
25-05-2010,Hyderabad,Oil,Sales,1382
26-05-2010,Hyderabad,Oil,Sales,1808
27-05-2010,Hyderabad,Oil,Sales,2023
28-05-2010,Hyderabad,Oil,Sales,1200
29-05-2010,Hyderabad,Oil,Sales,1209.875091
30-05-2010,Hyderabad,Oil,Sales,795
31-05-2010,Hyderabad,Oil,Sales,1441.6
01-06-2010,Hyderabad,Oil,Sales,1207
02-06-2010,Hyderabad,Oil,Sales,955
03-06-2010,Hyderabad,Oil,Sales,1631
04-06-2010,Hyderabad,Oil,Sales,1387
05-06-2010,Hyderabad,Oil,Sales,879.541758
06-06-2010,Hyderabad,Oil,Sales,2208
07-06-2010,Hyderabad,Oil,Sales,2614
08-06-2010,Hyderabad,Oil,Sales,2062
09-06-2010,Hyderabad,Oil,Sales,1424
10-06-2010,Hyderabad,Oil,Sales,1005
11-06-2010,Hyderabad,Oil,Sales,1748
12-06-2010,Hyderabad,Oil,Sales,1528.041758
13-06-2010,Hyderabad,Oil,Sales,1453
14-06-2010,Hyderabad,Oil,Sales,1589
15-06-2010,Hyderabad,Oil,Sales,1528
16-06-2010,Hyderabad,Oil,Sales,1823
17-06-2010,Hyderabad,Oil,Sales,1765
18-06-2010,Hyderabad,Oil,Sales,953
19-06-2010,Hyderabad,Oil,Sales,1203.041758
20-06-2010,Hyderabad,Oil,Sales,439
21-06-2010,Hyderabad,Oil,Sales,1779
22-06-2010,Hyderabad,Oil,Sales,1003
23-06-2010,Hyderabad,Oil,Sales,1219
24-06-2010,Hyderabad,Oil,Sales,1532
25-06-2010,Hyderabad,Oil,Sales,1216
26-06-2010,Hyderabad,Oil,Sales,882.541758
27-06-2010,Hyderabad,Oil,Sales,1254
28-06-2010,Hyderabad,Oil,Sales,1827
29-06-2010,Hyderabad,Oil,Sales,1607
30-06-2010,Hyderabad,Oil,Sales,1822
01-07-2010,Hyderabad,Oil,Sales,1810
02-07-2010,Hyderabad,Oil,Sales,1041
03-07-2010,Hyderabad,Oil,Sales,1244.708425
04-07-2010,Hyderabad,Oil,Sales,679
05-07-2010,Hyderabad,Oil,Sales,1897
06-07-2010,Hyderabad,Oil,Sales,1098
07-07-2010,Hyderabad,Oil,Sales,1725
08-07-2010,Hyderabad,Oil,Sales,1316
09-07-2010,Hyderabad,Oil,Sales,888
10-07-2010,Hyderabad,Oil,Sales,951.7084246
11-07-2010,Hyderabad,Oil,Sales,706
12-07-2010,Hyderabad,Oil,Sales,1200
13-07-2010,Hyderabad,Oil,Sales,1143
14-07-2010,Hyderabad,Oil,Sales,1362
15-07-2010,Hyderabad,Oil,Sales,1572
16-07-2010,Hyderabad,Oil,Sales,1146
17-07-2010,Hyderabad,Oil,Sales,872.7084246
18-07-2010,Hyderabad,Oil,Sales,884
19-07-2010,Hyderabad,Oil,Sales,1434
20-07-2010,Hyderabad,Oil,Sales,1164
21-07-2010,Hyderabad,Oil,Sales,1222
22-07-2010,Hyderabad,Oil,Sales,1586
23-07-2010,Hyderabad,Oil,Sales,1033
24-07-2010,Hyderabad,Oil,Sales,905.041758
25-07-2010,Hyderabad,Oil,Sales,1266
26-07-2010,Hyderabad,Oil,Sales,1474
27-07-2010,Hyderabad,Oil,Sales,1029
28-07-2010,Hyderabad,Oil,Sales,1312
29-07-2010,Hyderabad,Oil,Sales,1837
30-07-2010,Hyderabad,Oil,Sales,737
31-07-2010,Hyderabad,Oil,Sales,960.3750913
01-08-2010,Hyderabad,Oil,Sales,875
02-08-2010,Hyderabad,Oil,Sales,1189
03-08-2010,Hyderabad,Oil,Sales,1495
04-08-2010,Hyderabad,Oil,Sales,1387
05-08-2010,Hyderabad,Oil,Sales,1334
06-08-2010,Hyderabad,Oil,Sales,561
07-08-2010,Hyderabad,Oil,Sales,824.7084246
08-08-2010,Hyderabad,Oil,Sales,897
09-08-2010,Hyderabad,Oil,Sales,891
10-08-2010,Hyderabad,Oil,Sales,1740
11-08-2010,Hyderabad,Oil,Sales,1022
12-08-2010,Hyderabad,Oil,Sales,1803
13-08-2010,Hyderabad,Oil,Sales,1466
14-08-2010,Hyderabad,Oil,Sales,987.7084246
15-08-2010,Hyderabad,Oil,Sales,1070
16-08-2010,Hyderabad,Oil,Sales,1021
17-08-2010,Hyderabad,Oil,Sales,929
18-08-2010,Hyderabad,Oil,Sales,1621
19-08-2010,Hyderabad,Oil,Sales,1524
20-08-2010,Hyderabad,Oil,Sales,1286
21-08-2010,Hyderabad,Oil,Sales,926.3750913
22-08-2010,Hyderabad,Oil,Sales,1365
23-08-2010,Hyderabad,Oil,Sales,1158
24-08-2010,Hyderabad,Oil,Sales,1135
25-08-2010,Hyderabad,Oil,Sales,1612
26-08-2010,Hyderabad,Oil,Sales,1661
27-08-2010,Hyderabad,Oil,Sales,1034
28-08-2010,Hyderabad,Oil,Sales,1012.041758
29-08-2010,Hyderabad,Oil,Sales,811
30-08-2010,Hyderabad,Oil,Sales,1250.6
31-08-2010,Hyderabad,Oil,Sales,1753
01-09-2010,Hyderabad,Oil,Sales,981
02-09-2010,Hyderabad,Oil,Sales,1608
03-09-2010,Hyderabad,Oil,Sales,1029
04-09-2010,Hyderabad,Oil,Sales,920.941758
05-09-2010,Hyderabad,Oil,Sales,813
06-09-2010,Hyderabad,Oil,Sales,1568
07-09-2010,Hyderabad,Oil,Sales,1141
08-09-2010,Hyderabad,Oil,Sales,1086
09-09-2010,Hyderabad,Oil,Sales,1615
10-09-2010,Hyderabad,Oil,Sales,994
11-09-2010,Hyderabad,Oil,Sales,887.3750913
12-09-2010,Hyderabad,Oil,Sales,1325
13-09-2010,Hyderabad,Oil,Sales,1970
14-09-2010,Hyderabad,Oil,Sales,1286
15-09-2010,Hyderabad,Oil,Sales,1400
16-09-2010,Hyderabad,Oil,Sales,1620
17-09-2010,Hyderabad,Oil,Sales,1109
18-09-2010,Hyderabad,Oil,Sales,1136.208425
19-09-2010,Hyderabad,Oil,Sales,1979
20-09-2010,Hyderabad,Oil,Sales,1817
21-09-2010,Hyderabad,Oil,Sales,2384
22-09-2010,Hyderabad,Oil,Sales,1475
23-09-2010,Hyderabad,Oil,Sales,1997
24-09-2010,Hyderabad,Oil,Sales,1543
25-09-2010,Hyderabad,Oil,Sales,1550.375091
26-09-2010,Hyderabad,Oil,Sales,1451
27-09-2010,Hyderabad,Oil,Sales,2266
28-09-2010,Hyderabad,Oil,Sales,2737
29-09-2010,Hyderabad,Oil,Sales,1883
30-09-2010,Hyderabad,Oil,Sales,2109
01-10-2010,Hyderabad,Oil,Sales,1738
02-10-2010,Hyderabad,Oil,Sales,1715.208425
03-10-2010,Hyderabad,Oil,Sales,2267
04-10-2010,Hyderabad,Oil,Sales,2092
05-10-2010,Hyderabad,Oil,Sales,2658
06-10-2010,Hyderabad,Oil,Sales,1288
07-10-2010,Hyderabad,Oil,Sales,3562
08-10-2010,Hyderabad,Oil,Sales,1985
09-10-2010,Hyderabad,Oil,Sales,1993.208425
10-10-2010,Hyderabad,Oil,Sales,1718
11-10-2010,Hyderabad,Oil,Sales,2464
12-10-2010,Hyderabad,Oil,Sales,2428
13-10-2010,Hyderabad,Oil,Sales,2169
14-10-2010,Hyderabad,Oil,Sales,2014
15-10-2010,Hyderabad,Oil,Sales,2297
16-10-2010,Hyderabad,Oil,Sales,1866.208425
17-10-2010,Hyderabad,Oil,Sales,2717
18-10-2010,Hyderabad,Oil,Sales,2754
19-10-2010,Hyderabad,Oil,Sales,2256
20-10-2010,Hyderabad,Oil,Sales,2468
21-10-2010,Hyderabad,Oil,Sales,2138
22-10-2010,Hyderabad,Oil,Sales,2127
23-10-2010,Hyderabad,Oil,Sales,2094.541758
24-10-2010,Hyderabad,Oil,Sales,2386
25-10-2010,Hyderabad,Oil,Sales,1895
26-10-2010,Hyderabad,Oil,Sales,2494
27-10-2010,Hyderabad,Oil,Sales,1832
28-10-2010,Hyderabad,Oil,Sales,1576
29-10-2010,Hyderabad,Oil,Sales,1934
30-10-2010,Hyderabad,Oil,Sales,1704.041758
31-10-2010,Hyderabad,Oil,Sales,2682
01-11-2010,Hyderabad,Oil,Sales,2165
02-11-2010,Hyderabad,Oil,Sales,2244
03-11-2010,Hyderabad,Oil,Sales,2039
04-11-2010,Hyderabad,Oil,Sales,3627
05-11-2010,Hyderabad,Oil,Sales,1931
06-11-2010,Hyderabad,Oil,Sales,2132.541758
07-11-2010,Hyderabad,Oil,Sales,2812
08-11-2010,Hyderabad,Oil,Sales,2609
09-11-2010,Hyderabad,Oil,Sales,2829
10-11-2010,Hyderabad,Oil,Sales,3599
11-11-2010,Hyderabad,Oil,Sales,3212
12-11-2010,Hyderabad,Oil,Sales,3054
13-11-2010,Hyderabad,Oil,Sales,2703.708425
14-11-2010,Hyderabad,Oil,Sales,2908
15-11-2010,Hyderabad,Oil,Sales,3741
16-11-2010,Hyderabad,Oil,Sales,3286
17-11-2010,Hyderabad,Oil,Sales,2840
18-11-2010,Hyderabad,Oil,Sales,2879
19-11-2010,Hyderabad,Oil,Sales,2516
20-11-2010,Hyderabad,Oil,Sales,2712.875091
21-11-2010,Hyderabad,Oil,Sales,3248
22-11-2010,Hyderabad,Oil,Sales,3256
23-11-2010,Hyderabad,Oil,Sales,3583
24-11-2010,Hyderabad,Oil,Sales,3347
25-11-2010,Hyderabad,Oil,Sales,3476
26-11-2010,Hyderabad,Oil,Sales,2595
27-11-2010,Hyderabad,Oil,Sales,2935.375091
28-11-2010,Hyderabad,Oil,Sales,2586
29-11-2010,Hyderabad,Oil,Sales,3921
30-11-2010,Hyderabad,Oil,Sales,2293
01-12-2010,Hyderabad,Oil,Sales,6162
02-12-2010,Hyderabad,Oil,Sales,4128
03-12-2010,Hyderabad,Oil,Sales,4320
04-12-2010,Hyderabad,Oil,Sales,3586.208425
05-12-2010,Hyderabad,Oil,Sales,5418
06-12-2010,Hyderabad,Oil,Sales,7644
07-12-2010,Hyderabad,Oil,Sales,5842
08-12-2010,Hyderabad,Oil,Sales,5144
09-12-2010,Hyderabad,Oil,Sales,5602
10-12-2010,Hyderabad,Oil,Sales,2685
11-12-2010,Hyderabad,Oil,Sales,5073.708425
12-12-2010,Hyderabad,Oil,Sales,1439
13-12-2010,Hyderabad,Oil,Sales,2263
14-12-2010,Hyderabad,Oil,Sales,2010
15-12-2010,Hyderabad,Oil,Sales,1307
16-12-2010,Hyderabad,Oil,Sales,1751
17-12-2010,Hyderabad,Oil,Sales,3106
18-12-2010,Hyderabad,Oil,Sales,1663.875091
19-12-2010,Hyderabad,Oil,Sales,518
20-12-2010,Hyderabad,Oil,Sales,1679
21-12-2010,Hyderabad,Oil,Sales,1565
22-12-2010,Hyderabad,Oil,Sales,286
23-12-2010,Hyderabad,Oil,Sales,944
24-12-2010,Hyderabad,Oil,Sales,998.4
25-12-2010,Hyderabad,Oil,Sales,682.941758
26-12-2010,Hyderabad,Oil,Sales,1118.5
27-12-2010,Hyderabad,Oil,Sales,931.6666667
28-12-2010,Hyderabad,Oil,Sales,615
29-12-2010,Hyderabad,Oil,Sales,944
30-12-2010,Hyderabad,Oil,Sales,1998.891413
31-12-2010,Hyderabad,Oil,Sales,1550.372804
01-01-2011,Hyderabad,Oil,Sales,1400.800561
02-01-2011,Hyderabad,Oil,Sales,1362.923531
03-01-2011,Hyderabad,Oil,Sales,1835.496478
04-01-2011,Hyderabad,Oil,Sales,1160
05-01-2011,Hyderabad,Oil,Sales,1667
06-01-2011,Hyderabad,Oil,Sales,1769
07-01-2011,Hyderabad,Oil,Sales,1766
08-01-2011,Hyderabad,Oil,Sales,1275.041758
09-01-2011,Hyderabad,Oil,Sales,1098
10-01-2011,Hyderabad,Oil,Sales,1956
11-01-2011,Hyderabad,Oil,Sales,1405
12-01-2011,Hyderabad,Oil,Sales,1784
13-01-2011,Hyderabad,Oil,Sales,1434
14-01-2011,Hyderabad,Oil,Sales,1493
15-01-2011,Hyderabad,Oil,Sales,1212.875091
16-01-2011,Hyderabad,Oil,Sales,642
17-01-2011,Hyderabad,Oil,Sales,2551
18-01-2011,Hyderabad,Oil,Sales,1428
19-01-2011,Hyderabad,Oil,Sales,1407
20-01-2011,Hyderabad,Oil,Sales,1478
21-01-2011,Hyderabad,Oil,Sales,1532
22-01-2011,Hyderabad,Oil,Sales,1190.875091
23-01-2011,Hyderabad,Oil,Sales,860
24-01-2011,Hyderabad,Oil,Sales,1472
25-01-2011,Hyderabad,Oil,Sales,1600
26-01-2011,Hyderabad,Oil,Sales,1257
27-01-2011,Hyderabad,Oil,Sales,1497
28-01-2011,Hyderabad,Oil,Sales,907
29-01-2011,Hyderabad,Oil,Sales,950.041758
30-01-2011,Hyderabad,Oil,Sales,714
31-01-2011,Hyderabad,Oil,Sales,1473
01-02-2011,Hyderabad,Oil,Sales,1530
02-02-2011,Hyderabad,Oil,Sales,1399
03-02-2011,Hyderabad,Oil,Sales,980
04-02-2011,Hyderabad,Oil,Sales,1208
05-02-2011,Hyderabad,Oil,Sales,901.8750913
06-02-2011,Hyderabad,Oil,Sales,279
07-02-2011,Hyderabad,Oil,Sales,1229
08-02-2011,Hyderabad,Oil,Sales,1203
09-02-2011,Hyderabad,Oil,Sales,877
10-02-2011,Hyderabad,Oil,Sales,722
11-02-2011,Hyderabad,Oil,Sales,869
12-02-2011,Hyderabad,Oil,Sales,547.7084246
13-02-2011,Hyderabad,Oil,Sales,609
14-02-2011,Hyderabad,Oil,Sales,1087
15-02-2011,Hyderabad,Oil,Sales,1315
16-02-2011,Hyderabad,Oil,Sales,1184
17-02-2011,Hyderabad,Oil,Sales,1715
18-02-2011,Hyderabad,Oil,Sales,821
19-02-2011,Hyderabad,Oil,Sales,806.3750913
20-02-2011,Hyderabad,Oil,Sales,859
21-02-2011,Hyderabad,Oil,Sales,1376
22-02-2011,Hyderabad,Oil,Sales,1568
23-02-2011,Hyderabad,Oil,Sales,1571
24-02-2011,Hyderabad,Oil,Sales,1270
25-02-2011,Hyderabad,Oil,Sales,970
26-02-2011,Hyderabad,Oil,Sales,953.541758
27-02-2011,Hyderabad,Oil,Sales,810
28-02-2011,Hyderabad,Oil,Sales,1733
01-03-2011,Hyderabad,Oil,Sales,1354
02-03-2011,Hyderabad,Oil,Sales,891
03-03-2011,Hyderabad,Oil,Sales,1339
04-03-2011,Hyderabad,Oil,Sales,1101
05-03-2011,Hyderabad,Oil,Sales,889.2084246
06-03-2011,Hyderabad,Oil,Sales,822
07-03-2011,Hyderabad,Oil,Sales,1908
08-03-2011,Hyderabad,Oil,Sales,1584
09-03-2011,Hyderabad,Oil,Sales,1246
10-03-2011,Hyderabad,Oil,Sales,1085
11-03-2011,Hyderabad,Oil,Sales,944
12-03-2011,Hyderabad,Oil,Sales,949.3750913
13-03-2011,Hyderabad,Oil,Sales,534
14-03-2011,Hyderabad,Oil,Sales,1091
15-03-2011,Hyderabad,Oil,Sales,1279
16-03-2011,Hyderabad,Oil,Sales,863
17-03-2011,Hyderabad,Oil,Sales,2017
18-03-2011,Hyderabad,Oil,Sales,1339
19-03-2011,Hyderabad,Oil,Sales,871.7084246
20-03-2011,Hyderabad,Oil,Sales,1444
21-03-2011,Hyderabad,Oil,Sales,1040
22-03-2011,Hyderabad,Oil,Sales,2355
23-03-2011,Hyderabad,Oil,Sales,1303
24-03-2011,Hyderabad,Oil,Sales,1549
25-03-2011,Hyderabad,Oil,Sales,1342
26-03-2011,Hyderabad,Oil,Sales,1190.041758
27-03-2011,Hyderabad,Oil,Sales,715
28-03-2011,Hyderabad,Oil,Sales,1644
29-03-2011,Hyderabad,Oil,Sales,1946
30-03-2011,Hyderabad,Oil,Sales,1541
31-03-2011,Hyderabad,Oil,Sales,1639
01-04-2011,Hyderabad,Oil,Sales,1228
02-04-2011,Hyderabad,Oil,Sales,1136.708425
03-04-2011,Hyderabad,Oil,Sales,725
04-04-2011,Hyderabad,Oil,Sales,1657
05-04-2011,Hyderabad,Oil,Sales,1140
06-04-2011,Hyderabad,Oil,Sales,1081
07-04-2011,Hyderabad,Oil,Sales,1500
08-04-2011,Hyderabad,Oil,Sales,1382
09-04-2011,Hyderabad,Oil,Sales,932.041758
10-04-2011,Hyderabad,Oil,Sales,933
11-04-2011,Hyderabad,Oil,Sales,1223
12-04-2011,Hyderabad,Oil,Sales,1111
13-04-2011,Hyderabad,Oil,Sales,1021
14-04-2011,Hyderabad,Oil,Sales,1548
15-04-2011,Hyderabad,Oil,Sales,1480
16-04-2011,Hyderabad,Oil,Sales,903.8750913
17-04-2011,Hyderabad,Oil,Sales,966
18-04-2011,Hyderabad,Oil,Sales,3134
19-04-2011,Hyderabad,Oil,Sales,1860
20-04-2011,Hyderabad,Oil,Sales,992
21-04-2011,Hyderabad,Oil,Sales,1914
22-04-2011,Hyderabad,Oil,Sales,1773.2
23-04-2011,Hyderabad,Oil,Sales,1457.741758
24-04-2011,Hyderabad,Oil,Sales,1975
25-04-2011,Hyderabad,Oil,Sales,1588.666667
26-04-2011,Hyderabad,Oil,Sales,1866
27-04-2011,Hyderabad,Oil,Sales,1276
28-04-2011,Hyderabad,Oil,Sales,1134
29-04-2011,Hyderabad,Oil,Sales,1425.333333
30-04-2011,Hyderabad,Oil,Sales,1109.875091
01-05-2011,Hyderabad,Oil,Sales,448
02-05-2011,Hyderabad,Oil,Sales,1181
03-05-2011,Hyderabad,Oil,Sales,1376
04-05-2011,Hyderabad,Oil,Sales,1143
05-05-2011,Hyderabad,Oil,Sales,1801
06-05-2011,Hyderabad,Oil,Sales,2019
07-05-2011,Hyderabad,Oil,Sales,1041.941758
08-05-2011,Hyderabad,Oil,Sales,1500
09-05-2011,Hyderabad,Oil,Sales,1751
10-05-2011,Hyderabad,Oil,Sales,2532
11-05-2011,Hyderabad,Oil,Sales,1662
12-05-2011,Hyderabad,Oil,Sales,1928
13-05-2011,Hyderabad,Oil,Sales,1419
14-05-2011,Hyderabad,Oil,Sales,1483.208425
15-05-2011,Hyderabad,Oil,Sales,809
16-05-2011,Hyderabad,Oil,Sales,1585
17-05-2011,Hyderabad,Oil,Sales,1874
18-05-2011,Hyderabad,Oil,Sales,1349
19-05-2011,Hyderabad,Oil,Sales,1891
20-05-2011,Hyderabad,Oil,Sales,1106
21-05-2011,Hyderabad,Oil,Sales,1120.208425
22-05-2011,Hyderabad,Oil,Sales,1553
23-05-2011,Hyderabad,Oil,Sales,1567
24-05-2011,Hyderabad,Oil,Sales,1701
25-05-2011,Hyderabad,Oil,Sales,1297
26-05-2011,Hyderabad,Oil,Sales,950
27-05-2011,Hyderabad,Oil,Sales,1134
28-05-2011,Hyderabad,Oil,Sales,1051.541758
29-05-2011,Hyderabad,Oil,Sales,630
30-05-2011,Hyderabad,Oil,Sales,1142.4
31-05-2011,Hyderabad,Oil,Sales,1267
01-06-2011,Hyderabad,Oil,Sales,1418
02-06-2011,Hyderabad,Oil,Sales,1541
03-06-2011,Hyderabad,Oil,Sales,848
04-06-2011,Hyderabad,Oil,Sales,825.341758
05-06-2011,Hyderabad,Oil,Sales,1555
06-06-2011,Hyderabad,Oil,Sales,1175
07-06-2011,Hyderabad,Oil,Sales,1891
08-06-2011,Hyderabad,Oil,Sales,2297
09-06-2011,Hyderabad,Oil,Sales,1819
10-06-2011,Hyderabad,Oil,Sales,1024
11-06-2011,Hyderabad,Oil,Sales,1311.375091
12-06-2011,Hyderabad,Oil,Sales,1068
13-06-2011,Hyderabad,Oil,Sales,1404
14-06-2011,Hyderabad,Oil,Sales,1574
15-06-2011,Hyderabad,Oil,Sales,1683
16-06-2011,Hyderabad,Oil,Sales,1503
17-06-2011,Hyderabad,Oil,Sales,942
18-06-2011,Hyderabad,Oil,Sales,1046.875091
19-06-2011,Hyderabad,Oil,Sales,1157
20-06-2011,Hyderabad,Oil,Sales,1978
21-06-2011,Hyderabad,Oil,Sales,1453
22-06-2011,Hyderabad,Oil,Sales,1008
23-06-2011,Hyderabad,Oil,Sales,1948
24-06-2011,Hyderabad,Oil,Sales,1024
25-06-2011,Hyderabad,Oil,Sales,1112.541758
26-06-2011,Hyderabad,Oil,Sales,667
27-06-2011,Hyderabad,Oil,Sales,1156
28-06-2011,Hyderabad,Oil,Sales,999
29-06-2011,Hyderabad,Oil,Sales,1315
30-06-2011,Hyderabad,Oil,Sales,1609
01-07-2011,Hyderabad,Oil,Sales,978
02-07-2011,Hyderabad,Oil,Sales,805.2084246
03-07-2011,Hyderabad,Oil,Sales,598
04-07-2011,Hyderabad,Oil,Sales,2185
05-07-2011,Hyderabad,Oil,Sales,2175
06-07-2011,Hyderabad,Oil,Sales,1795
07-07-2011,Hyderabad,Oil,Sales,1896
08-07-2011,Hyderabad,Oil,Sales,1579
09-07-2011,Hyderabad,Oil,Sales,1389.208425
10-07-2011,Hyderabad,Oil,Sales,815
11-07-2011,Hyderabad,Oil,Sales,1490
12-07-2011,Hyderabad,Oil,Sales,1646
13-07-2011,Hyderabad,Oil,Sales,1610
14-07-2011,Hyderabad,Oil,Sales,1663
15-07-2011,Hyderabad,Oil,Sales,1118
16-07-2011,Hyderabad,Oil,Sales,1074.875091
17-07-2011,Hyderabad,Oil,Sales,1246
18-07-2011,Hyderabad,Oil,Sales,2167
19-07-2011,Hyderabad,Oil,Sales,1576
20-07-2011,Hyderabad,Oil,Sales,1993
21-07-2011,Hyderabad,Oil,Sales,1494
22-07-2011,Hyderabad,Oil,Sales,1281
23-07-2011,Hyderabad,Oil,Sales,1310.708425
24-07-2011,Hyderabad,Oil,Sales,1116
25-07-2011,Hyderabad,Oil,Sales,1935
26-07-2011,Hyderabad,Oil,Sales,1233
27-07-2011,Hyderabad,Oil,Sales,1228
28-07-2011,Hyderabad,Oil,Sales,1510
29-07-2011,Hyderabad,Oil,Sales,1119
30-07-2011,Hyderabad,Oil,Sales,1041.375091
31-07-2011,Hyderabad,Oil,Sales,1270
01-08-2011,Hyderabad,Oil,Sales,1189
02-08-2011,Hyderabad,Oil,Sales,1332
03-08-2011,Hyderabad,Oil,Sales,1521
04-08-2011,Hyderabad,Oil,Sales,1782
05-08-2011,Hyderabad,Oil,Sales,1442
06-08-2011,Hyderabad,Oil,Sales,1107.208425
07-08-2011,Hyderabad,Oil,Sales,529
08-08-2011,Hyderabad,Oil,Sales,1455
09-08-2011,Hyderabad,Oil,Sales,1087
10-08-2011,Hyderabad,Oil,Sales,1360
11-08-2011,Hyderabad,Oil,Sales,1935
12-08-2011,Hyderabad,Oil,Sales,1115
13-08-2011,Hyderabad,Oil,Sales,931.3750913
14-08-2011,Hyderabad,Oil,Sales,538
15-08-2011,Hyderabad,Oil,Sales,918
16-08-2011,Hyderabad,Oil,Sales,1022
17-08-2011,Hyderabad,Oil,Sales,1651
18-08-2011,Hyderabad,Oil,Sales,1487
19-08-2011,Hyderabad,Oil,Sales,811
20-08-2011,Hyderabad,Oil,Sales,755.7084246
21-08-2011,Hyderabad,Oil,Sales,1065
22-08-2011,Hyderabad,Oil,Sales,1267
23-08-2011,Hyderabad,Oil,Sales,1434
24-08-2011,Hyderabad,Oil,Sales,1820
25-08-2011,Hyderabad,Oil,Sales,1291
26-08-2011,Hyderabad,Oil,Sales,925
27-08-2011,Hyderabad,Oil,Sales,984.8750913
28-08-2011,Hyderabad,Oil,Sales,1196
29-08-2011,Hyderabad,Oil,Sales,1333.2
30-08-2011,Hyderabad,Oil,Sales,3218
31-08-2011,Hyderabad,Oil,Sales,1176
01-09-2011,Hyderabad,Oil,Sales,1399
02-09-2011,Hyderabad,Oil,Sales,2333
03-09-2011,Hyderabad,Oil,Sales,1548.941758
04-09-2011,Hyderabad,Oil,Sales,1333
05-09-2011,Hyderabad,Oil,Sales,1569
06-09-2011,Hyderabad,Oil,Sales,1122
07-09-2011,Hyderabad,Oil,Sales,2080
08-09-2011,Hyderabad,Oil,Sales,1750
09-09-2011,Hyderabad,Oil,Sales,1558
10-09-2011,Hyderabad,Oil,Sales,1253.208425
11-09-2011,Hyderabad,Oil,Sales,2027
12-09-2011,Hyderabad,Oil,Sales,1638
13-09-2011,Hyderabad,Oil,Sales,2428
14-09-2011,Hyderabad,Oil,Sales,1333
15-09-2011,Hyderabad,Oil,Sales,2151
16-09-2011,Hyderabad,Oil,Sales,1448
17-09-2011,Hyderabad,Oil,Sales,1522.041758
18-09-2011,Hyderabad,Oil,Sales,1272
19-09-2011,Hyderabad,Oil,Sales,1388
20-09-2011,Hyderabad,Oil,Sales,1709
21-09-2011,Hyderabad,Oil,Sales,3025
22-09-2011,Hyderabad,Oil,Sales,2675
23-09-2011,Hyderabad,Oil,Sales,2591
24-09-2011,Hyderabad,Oil,Sales,1794.541758
25-09-2011,Hyderabad,Oil,Sales,1981
26-09-2011,Hyderabad,Oil,Sales,1528
27-09-2011,Hyderabad,Oil,Sales,1850
28-09-2011,Hyderabad,Oil,Sales,2830
29-09-2011,Hyderabad,Oil,Sales,2462
30-09-2011,Hyderabad,Oil,Sales,1843
01-10-2011,Hyderabad,Oil,Sales,1766.875091
02-10-2011,Hyderabad,Oil,Sales,1426
03-10-2011,Hyderabad,Oil,Sales,2270
04-10-2011,Hyderabad,Oil,Sales,2764
05-10-2011,Hyderabad,Oil,Sales,2389
06-10-2011,Hyderabad,Oil,Sales,2945
07-10-2011,Hyderabad,Oil,Sales,2359
08-10-2011,Hyderabad,Oil,Sales,2043.375091
09-10-2011,Hyderabad,Oil,Sales,1261
10-10-2011,Hyderabad,Oil,Sales,3161
11-10-2011,Hyderabad,Oil,Sales,2417
12-10-2011,Hyderabad,Oil,Sales,2032
13-10-2011,Hyderabad,Oil,Sales,2300
14-10-2011,Hyderabad,Oil,Sales,1778
15-10-2011,Hyderabad,Oil,Sales,1842.708425
16-10-2011,Hyderabad,Oil,Sales,1247
17-10-2011,Hyderabad,Oil,Sales,2902
18-10-2011,Hyderabad,Oil,Sales,2862
19-10-2011,Hyderabad,Oil,Sales,2271
20-10-2011,Hyderabad,Oil,Sales,2312
21-10-2011,Hyderabad,Oil,Sales,1387
22-10-2011,Hyderabad,Oil,Sales,1848.041758
23-10-2011,Hyderabad,Oil,Sales,1724
24-10-2011,Hyderabad,Oil,Sales,2847
25-10-2011,Hyderabad,Oil,Sales,2462
26-10-2011,Hyderabad,Oil,Sales,1911
27-10-2011,Hyderabad,Oil,Sales,2480
28-10-2011,Hyderabad,Oil,Sales,1615
29-10-2011,Hyderabad,Oil,Sales,1857.708425
30-10-2011,Hyderabad,Oil,Sales,2901
31-10-2011,Hyderabad,Oil,Sales,3373
01-11-2011,Hyderabad,Oil,Sales,1741
02-11-2011,Hyderabad,Oil,Sales,2594
03-11-2011,Hyderabad,Oil,Sales,2383
04-11-2011,Hyderabad,Oil,Sales,2909
05-11-2011,Hyderabad,Oil,Sales,2334.708425
06-11-2011,Hyderabad,Oil,Sales,3426
07-11-2011,Hyderabad,Oil,Sales,2051
08-11-2011,Hyderabad,Oil,Sales,3979
09-11-2011,Hyderabad,Oil,Sales,2690
10-11-2011,Hyderabad,Oil,Sales,3203
11-11-2011,Hyderabad,Oil,Sales,4071
12-11-2011,Hyderabad,Oil,Sales,2921.208425
13-11-2011,Hyderabad,Oil,Sales,2993
14-11-2011,Hyderabad,Oil,Sales,3528
15-11-2011,Hyderabad,Oil,Sales,3407
16-11-2011,Hyderabad,Oil,Sales,4150
17-11-2011,Hyderabad,Oil,Sales,3578
18-11-2011,Hyderabad,Oil,Sales,2825
19-11-2011,Hyderabad,Oil,Sales,3098.041758
20-11-2011,Hyderabad,Oil,Sales,3317
21-11-2011,Hyderabad,Oil,Sales,2887
22-11-2011,Hyderabad,Oil,Sales,3915
23-11-2011,Hyderabad,Oil,Sales,3562
24-11-2011,Hyderabad,Oil,Sales,3701
25-11-2011,Hyderabad,Oil,Sales,3092
26-11-2011,Hyderabad,Oil,Sales,3096.875091
27-11-2011,Hyderabad,Oil,Sales,2533
28-11-2011,Hyderabad,Oil,Sales,3304
29-11-2011,Hyderabad,Oil,Sales,4295
30-11-2011,Hyderabad,Oil,Sales,3364
01-12-2011,Hyderabad,Oil,Sales,2813
02-12-2011,Hyderabad,Oil,Sales,2832
03-12-2011,Hyderabad,Oil,Sales,2874.708425
04-12-2011,Hyderabad,Oil,Sales,2033
05-12-2011,Hyderabad,Oil,Sales,5302
06-12-2011,Hyderabad,Oil,Sales,3263
07-12-2011,Hyderabad,Oil,Sales,2396
08-12-2011,Hyderabad,Oil,Sales,4871
09-12-2011,Hyderabad,Oil,Sales,1626
10-12-2011,Hyderabad,Oil,Sales,565.9774459
11-12-2011,Hyderabad,Oil,Sales,3125.182187
12-12-2011,Hyderabad,Oil,Sales,3930.404313
13-12-2011,Hyderabad,Oil,Sales,1644.968644
14-12-2011,Hyderabad,Oil,Sales,3135.478555
15-12-2011,Hyderabad,Oil,Sales,3702.986147
16-12-2011,Hyderabad,Oil,Sales,1229.263629
17-12-2011,Hyderabad,Oil,Sales,1325.415023
18-12-2011,Hyderabad,Oil,Sales,2739.454215
19-12-2011,Hyderabad,Oil,Sales,2699.823386
20-12-2011,Hyderabad,Oil,Sales,1478.376545
21-12-2011,Hyderabad,Oil,Sales,2788.581514
22-12-2011,Hyderabad,Oil,Sales,2280.47757
23-12-2011,Hyderabad,Oil,Sales,1419.211555
24-12-2011,Hyderabad,Oil,Sales,2662.500445
25-12-2011,Hyderabad,Oil,Sales,2041.911997
26-12-2011,Hyderabad,Oil,Sales,2250.748235
27-12-2011,Hyderabad,Oil,Sales,1966.116228
28-12-2011,Hyderabad,Oil,Sales,2446.51912
29-12-2011,Hyderabad,Oil,Sales,2940.71299
30-12-2011,Hyderabad,Oil,Sales,2081.588654
31-12-2011,Hyderabad,Oil,Sales,1890.593754
01-01-2012,Hyderabad,Oil,Sales,1715.418422
02-01-2012,Hyderabad,Oil,Sales,1936.715968
03-01-2012,Hyderabad,Oil,Sales,1584.557205
04-01-2012,Hyderabad,Oil,Sales,2106.270144
05-01-2012,Hyderabad,Oil,Sales,2275.850119
06-01-2012,Hyderabad,Oil,Sales,890.3786717
07-01-2012,Hyderabad,Oil,Sales,1262.773498
08-01-2012,Hyderabad,Oil,Sales,1017.572937
09-01-2012,Hyderabad,Oil,Sales,1225.762035
10-01-2012,Hyderabad,Oil,Sales,1844.601872
11-01-2012,Hyderabad,Oil,Sales,1732.384774
12-01-2012,Hyderabad,Oil,Sales,1405.297782
13-01-2012,Hyderabad,Oil,Sales,787.0597606
14-01-2012,Hyderabad,Oil,Sales,711.3660024
15-01-2012,Hyderabad,Oil,Sales,714.8523144
16-01-2012,Hyderabad,Oil,Sales,711.0811473
17-01-2012,Hyderabad,Oil,Sales,1278.949187
18-01-2012,Hyderabad,Oil,Sales,1749.953606
19-01-2012,Hyderabad,Oil,Sales,1760.481111
20-01-2012,Hyderabad,Oil,Sales,943.9410792
21-01-2012,Hyderabad,Oil,Sales,948.7814718
22-01-2012,Hyderabad,Oil,Sales,796.1867261
23-01-2012,Hyderabad,Oil,Sales,1385.450454
24-01-2012,Hyderabad,Oil,Sales,799.5519132
25-01-2012,Hyderabad,Oil,Sales,973.1647725
26-01-2012,Hyderabad,Oil,Sales,1664.740578
27-01-2012,Hyderabad,Oil,Sales,828.4820813
28-01-2012,Hyderabad,Oil,Sales,479.6564354
29-01-2012,Hyderabad,Oil,Sales,940.3659639
30-01-2012,Hyderabad,Oil,Sales,1801.530149
31-01-2012,Hyderabad,Oil,Sales,1207.205653
01-02-2012,Hyderabad,Oil,Sales,1187.138634
02-02-2012,Hyderabad,Oil,Sales,1005.302608
03-02-2012,Hyderabad,Oil,Sales,898.9269534
04-02-2012,Hyderabad,Oil,Sales,1311.433206
05-02-2012,Hyderabad,Oil,Sales,978.208439
06-02-2012,Hyderabad,Oil,Sales,1489.743777
07-02-2012,Hyderabad,Oil,Sales,1873.012471
08-02-2012,Hyderabad,Oil,Sales,1277.221602
09-02-2012,Hyderabad,Oil,Sales,1123.250423
10-02-2012,Hyderabad,Oil,Sales,1080.112397
11-02-2012,Hyderabad,Oil,Sales,917.3266236
12-02-2012,Hyderabad,Oil,Sales,1046.466327
13-02-2012,Hyderabad,Oil,Sales,1926.4014
14-02-2012,Hyderabad,Oil,Sales,1740.063309
15-02-2012,Hyderabad,Oil,Sales,1241.91974
16-02-2012,Hyderabad,Oil,Sales,1020.910631
17-02-2012,Hyderabad,Oil,Sales,1438.027848
18-02-2012,Hyderabad,Oil,Sales,692.038843
19-02-2012,Hyderabad,Oil,Sales,1545.43146
20-02-2012,Hyderabad,Oil,Sales,1831.728398
21-02-2012,Hyderabad,Oil,Sales,1786.143573
22-02-2012,Hyderabad,Oil,Sales,1739.2679
23-02-2012,Hyderabad,Oil,Sales,1997.708424
24-02-2012,Hyderabad,Oil,Sales,943.5714889
25-02-2012,Hyderabad,Oil,Sales,606.001051
26-02-2012,Hyderabad,Oil,Sales,500.4168287
27-02-2012,Hyderabad,Oil,Sales,1474.539544
28-02-2012,Hyderabad,Oil,Sales,1363.064802
29-02-2012,Hyderabad,Oil,Sales,1414.737478
01-03-2012,Hyderabad,Oil,Sales,1760.466793
02-03-2012,Hyderabad,Oil,Sales,1531.653541
03-03-2012,Hyderabad,Oil,Sales,1713.307954
04-03-2012,Hyderabad,Oil,Sales,1144.395304
05-03-2012,Hyderabad,Oil,Sales,2010.143865
06-03-2012,Hyderabad,Oil,Sales,1375.537986
07-03-2012,Hyderabad,Oil,Sales,1119.072678
08-03-2012,Hyderabad,Oil,Sales,1529.118472
09-03-2012,Hyderabad,Oil,Sales,1037.575505
10-03-2012,Hyderabad,Oil,Sales,1651.543354
11-03-2012,Hyderabad,Oil,Sales,1365.594957
12-03-2012,Hyderabad,Oil,Sales,1551.449292
13-03-2012,Hyderabad,Oil,Sales,1354.214141
14-03-2012,Hyderabad,Oil,Sales,2130.456211
15-03-2012,Hyderabad,Oil,Sales,1335.951387
16-03-2012,Hyderabad,Oil,Sales,2051.720176
17-03-2012,Hyderabad,Oil,Sales,537.7630389
18-03-2012,Hyderabad,Oil,Sales,1055.304604
19-03-2012,Hyderabad,Oil,Sales,2383.586004
20-03-2012,Hyderabad,Oil,Sales,2515.291592
21-03-2012,Hyderabad,Oil,Sales,1486.477728
22-03-2012,Hyderabad,Oil,Sales,1352.646393
23-03-2012,Hyderabad,Oil,Sales,2039.553748
24-03-2012,Hyderabad,Oil,Sales,750.4474222
25-03-2012,Hyderabad,Oil,Sales,958.7458704
26-03-2012,Hyderabad,Oil,Sales,2314.2297
27-03-2012,Hyderabad,Oil,Sales,2116.297913
28-03-2012,Hyderabad,Oil,Sales,1670.466855
29-03-2012,Hyderabad,Oil,Sales,1978.982736
30-03-2012,Hyderabad,Oil,Sales,1126.924222
31-03-2012,Hyderabad,Oil,Sales,1552.852943
01-04-2012,Hyderabad,Oil,Sales,341.1390485
02-04-2012,Hyderabad,Oil,Sales,1938.504907
03-04-2012,Hyderabad,Oil,Sales,1623.28888
04-04-2012,Hyderabad,Oil,Sales,1322.495192
05-04-2012,Hyderabad,Oil,Sales,1387.469068
06-04-2012,Hyderabad,Oil,Sales,1179.531873
07-04-2012,Hyderabad,Oil,Sales,1374.642994
08-04-2012,Hyderabad,Oil,Sales,1579.311823
09-04-2012,Hyderabad,Oil,Sales,1780.632116
10-04-2012,Hyderabad,Oil,Sales,2543.952399
11-04-2012,Hyderabad,Oil,Sales,1371.916332
12-04-2012,Hyderabad,Oil,Sales,1944.429031
13-04-2012,Hyderabad,Oil,Sales,1278.195397
14-04-2012,Hyderabad,Oil,Sales,906.8125524
15-04-2012,Hyderabad,Oil,Sales,942.7354038
16-04-2012,Hyderabad,Oil,Sales,1371.153217
17-04-2012,Hyderabad,Oil,Sales,1444.843088
18-04-2012,Hyderabad,Oil,Sales,2679.469234
19-04-2012,Hyderabad,Oil,Sales,2853.420619
20-04-2012,Hyderabad,Oil,Sales,1206.908971
21-04-2012,Hyderabad,Oil,Sales,1371.182935
22-04-2012,Hyderabad,Oil,Sales,1313.603089
23-04-2012,Hyderabad,Oil,Sales,2030.246812
24-04-2012,Hyderabad,Oil,Sales,1743.482268
25-04-2012,Hyderabad,Oil,Sales,1748.526794
26-04-2012,Hyderabad,Oil,Sales,1371.174624
27-04-2012,Hyderabad,Oil,Sales,1084.892332
28-04-2012,Hyderabad,Oil,Sales,1466.562087
29-04-2012,Hyderabad,Oil,Sales,1190.078314
30-04-2012,Hyderabad,Oil,Sales,2181.917868
01-05-2012,Hyderabad,Oil,Sales,1561.719644
02-05-2012,Hyderabad,Oil,Sales,2021.44248
03-05-2012,Hyderabad,Oil,Sales,2263.678355
04-05-2012,Hyderabad,Oil,Sales,1816.695564
05-05-2012,Hyderabad,Oil,Sales,1397.691899
06-05-2012,Hyderabad,Oil,Sales,1605.438715
07-05-2012,Hyderabad,Oil,Sales,2121.848375
08-05-2012,Hyderabad,Oil,Sales,2321.002273
09-05-2012,Hyderabad,Oil,Sales,1909.624627
10-05-2012,Hyderabad,Oil,Sales,1664.481471
11-05-2012,Hyderabad,Oil,Sales,1706.611677
12-05-2012,Hyderabad,Oil,Sales,1357.44965
13-05-2012,Hyderabad,Oil,Sales,598.7059452
14-05-2012,Hyderabad,Oil,Sales,2690.862221
15-05-2012,Hyderabad,Oil,Sales,826.1246272
16-05-2012,Hyderabad,Oil,Sales,1690.483916
17-05-2012,Hyderabad,Oil,Sales,1776.025761
18-05-2012,Hyderabad,Oil,Sales,1176.110315
19-05-2012,Hyderabad,Oil,Sales,1487.288055
20-05-2012,Hyderabad,Oil,Sales,1253.065773
21-05-2012,Hyderabad,Oil,Sales,1461.124617
22-05-2012,Hyderabad,Oil,Sales,2230.754479
23-05-2012,Hyderabad,Oil,Sales,1599.744409
24-05-2012,Hyderabad,Oil,Sales,1576.92572
25-05-2012,Hyderabad,Oil,Sales,1626.097188
26-05-2012,Hyderabad,Oil,Sales,1293.948898
27-05-2012,Hyderabad,Oil,Sales,1139.730192
28-05-2012,Hyderabad,Oil,Sales,1786.215403
29-05-2012,Hyderabad,Oil,Sales,1665.444294
30-05-2012,Hyderabad,Oil,Sales,1659.370923
31-05-2012,Hyderabad,Oil,Sales,2301.785157
01-06-2012,Hyderabad,Oil,Sales,1468.603984
02-06-2012,Hyderabad,Oil,Sales,1339.029769
03-06-2012,Hyderabad,Oil,Sales,1174.599602
04-06-2012,Hyderabad,Oil,Sales,1396.993004
05-06-2012,Hyderabad,Oil,Sales,2178.858554
06-06-2012,Hyderabad,Oil,Sales,1813.698057
07-06-2012,Hyderabad,Oil,Sales,2085.270237
08-06-2012,Hyderabad,Oil,Sales,957.4092206
09-06-2012,Hyderabad,Oil,Sales,1366.749336
10-06-2012,Hyderabad,Oil,Sales,1566.922959
11-06-2012,Hyderabad,Oil,Sales,1520.722145
12-06-2012,Hyderabad,Oil,Sales,2065.134667
13-06-2012,Hyderabad,Oil,Sales,1527.304966
14-06-2012,Hyderabad,Oil,Sales,1826.883269
15-06-2012,Hyderabad,Oil,Sales,1275.565106
16-06-2012,Hyderabad,Oil,Sales,649.5152655
17-06-2012,Hyderabad,Oil,Sales,1166.729613
18-06-2012,Hyderabad,Oil,Sales,1362.99917
19-06-2012,Hyderabad,Oil,Sales,1400.983167
20-06-2012,Hyderabad,Oil,Sales,2209.529979
21-06-2012,Hyderabad,Oil,Sales,1810.26834
22-06-2012,Hyderabad,Oil,Sales,1582.827513
23-06-2012,Hyderabad,Oil,Sales,1013.202399
24-06-2012,Hyderabad,Oil,Sales,1510.22155
25-06-2012,Hyderabad,Oil,Sales,724.8793241
26-06-2012,Hyderabad,Oil,Sales,1591.991887
27-06-2012,Hyderabad,Oil,Sales,1297.034564
28-06-2012,Hyderabad,Oil,Sales,1808.301585
29-06-2012,Hyderabad,Oil,Sales,1145.619005
30-06-2012,Hyderabad,Oil,Sales,738.8670982
01-07-2012,Hyderabad,Oil,Sales,639.9607613
02-07-2012,Hyderabad,Oil,Sales,946.9992573
03-07-2012,Hyderabad,Oil,Sales,1230.432685
04-07-2012,Hyderabad,Oil,Sales,889.3089746
05-07-2012,Hyderabad,Oil,Sales,2418.084692
06-07-2012,Hyderabad,Oil,Sales,406.1302286
07-07-2012,Hyderabad,Oil,Sales,678.0466301
08-07-2012,Hyderabad,Oil,Sales,447.5678069
09-07-2012,Hyderabad,Oil,Sales,1857.999912
10-07-2012,Hyderabad,Oil,Sales,1799.861585
11-07-2012,Hyderabad,Oil,Sales,1354.845518
12-07-2012,Hyderabad,Oil,Sales,1692.45972
13-07-2012,Hyderabad,Oil,Sales,577.8489271
14-07-2012,Hyderabad,Oil,Sales,1713.218208
15-07-2012,Hyderabad,Oil,Sales,624.6965495
16-07-2012,Hyderabad,Oil,Sales,1502.305943
17-07-2012,Hyderabad,Oil,Sales,1189.825099
18-07-2012,Hyderabad,Oil,Sales,1061.764132
19-07-2012,Hyderabad,Oil,Sales,1751.172299
20-07-2012,Hyderabad,Oil,Sales,1390.668761
21-07-2012,Hyderabad,Oil,Sales,404.6725726
22-07-2012,Hyderabad,Oil,Sales,1333.84505
23-07-2012,Hyderabad,Oil,Sales,978.3675892
24-07-2012,Hyderabad,Oil,Sales,1375.056123
25-07-2012,Hyderabad,Oil,Sales,1294.783357
26-07-2012,Hyderabad,Oil,Sales,1650.893717
27-07-2012,Hyderabad,Oil,Sales,1409.302608
28-07-2012,Hyderabad,Oil,Sales,1041.544769
29-07-2012,Hyderabad,Oil,Sales,1102.585464
30-07-2012,Hyderabad,Oil,Sales,1448.421925
31-07-2012,Hyderabad,Oil,Sales,1441.335398
01-08-2012,Hyderabad,Oil,Sales,1309.817546
02-08-2012,Hyderabad,Oil,Sales,2140.380794
03-08-2012,Hyderabad,Oil,Sales,282.8756457
04-08-2012,Hyderabad,Oil,Sales,1451.467039
05-08-2012,Hyderabad,Oil,Sales,816.2867412
06-08-2012,Hyderabad,Oil,Sales,1291.592021
07-08-2012,Hyderabad,Oil,Sales,928.4597467
08-08-2012,Hyderabad,Oil,Sales,1348.180467
09-08-2012,Hyderabad,Oil,Sales,2472.18498
10-08-2012,Hyderabad,Oil,Sales,1166.61046
11-08-2012,Hyderabad,Oil,Sales,845.2332016
12-08-2012,Hyderabad,Oil,Sales,1155.679603
13-08-2012,Hyderabad,Oil,Sales,1734.036353
14-08-2012,Hyderabad,Oil,Sales,1306.456427
15-08-2012,Hyderabad,Oil,Sales,2079.121921
16-08-2012,Hyderabad,Oil,Sales,1116.238125
17-08-2012,Hyderabad,Oil,Sales,684.8815549
18-08-2012,Hyderabad,Oil,Sales,1548.094674
19-08-2012,Hyderabad,Oil,Sales,1293.740143
20-08-2012,Hyderabad,Oil,Sales,2112.914259
21-08-2012,Hyderabad,Oil,Sales,1184.367529
22-08-2012,Hyderabad,Oil,Sales,1314.122388
23-08-2012,Hyderabad,Oil,Sales,1881.725967
24-08-2012,Hyderabad,Oil,Sales,1006.899509
25-08-2012,Hyderabad,Oil,Sales,1379.117876
26-08-2012,Hyderabad,Oil,Sales,360.1653265
27-08-2012,Hyderabad,Oil,Sales,1105.180356
28-08-2012,Hyderabad,Oil,Sales,1347.524168
29-08-2012,Hyderabad,Oil,Sales,868.7519416
30-08-2012,Hyderabad,Oil,Sales,855.2313689
31-08-2012,Hyderabad,Oil,Sales,1376.222667
01-09-2012,Hyderabad,Oil,Sales,186.1349125
02-09-2012,Hyderabad,Oil,Sales,1028.190779
03-09-2012,Hyderabad,Oil,Sales,1515.732906
04-09-2012,Hyderabad,Oil,Sales,2197.076307
05-09-2012,Hyderabad,Oil,Sales,1938.126982
06-09-2012,Hyderabad,Oil,Sales,2149.288272
07-09-2012,Hyderabad,Oil,Sales,1037.25316
08-09-2012,Hyderabad,Oil,Sales,1704.995566
09-09-2012,Hyderabad,Oil,Sales,1658.401914
10-09-2012,Hyderabad,Oil,Sales,1756.425098
11-09-2012,Hyderabad,Oil,Sales,1668.931305
12-09-2012,Hyderabad,Oil,Sales,1852.373179
13-09-2012,Hyderabad,Oil,Sales,1752.923607
14-09-2012,Hyderabad,Oil,Sales,1922.139777
15-09-2012,Hyderabad,Oil,Sales,1762.615452
16-09-2012,Hyderabad,Oil,Sales,1484.819334
17-09-2012,Hyderabad,Oil,Sales,1638.61649
18-09-2012,Hyderabad,Oil,Sales,1263.666498
19-09-2012,Hyderabad,Oil,Sales,1855.902282
20-09-2012,Hyderabad,Oil,Sales,2441.002176
21-09-2012,Hyderabad,Oil,Sales,844.8252258
22-09-2012,Hyderabad,Oil,Sales,928.6134993
23-09-2012,Hyderabad,Oil,Sales,1642.842613
24-09-2012,Hyderabad,Oil,Sales,1970.388119
25-09-2012,Hyderabad,Oil,Sales,1961.149246
26-09-2012,Hyderabad,Oil,Sales,2671.264684
27-09-2012,Hyderabad,Oil,Sales,2607.129778
28-09-2012,Hyderabad,Oil,Sales,1068.000947
29-09-2012,Hyderabad,Oil,Sales,1722.159833
30-09-2012,Hyderabad,Oil,Sales,2549.799301
01-10-2012,Hyderabad,Oil,Sales,1372.896146
02-10-2012,Hyderabad,Oil,Sales,2926.322111
03-10-2012,Hyderabad,Oil,Sales,1487.751306
04-10-2012,Hyderabad,Oil,Sales,2687.79004
05-10-2012,Hyderabad,Oil,Sales,1705.372481
06-10-2012,Hyderabad,Oil,Sales,1487.864509
07-10-2012,Hyderabad,Oil,Sales,1267.583895
08-10-2012,Hyderabad,Oil,Sales,2440.030742
09-10-2012,Hyderabad,Oil,Sales,2504.671977
10-10-2012,Hyderabad,Oil,Sales,2812.853614
11-10-2012,Hyderabad,Oil,Sales,2765.882011
12-10-2012,Hyderabad,Oil,Sales,1608.228303
13-10-2012,Hyderabad,Oil,Sales,1020.60924
14-10-2012,Hyderabad,Oil,Sales,2917.993452
15-10-2012,Hyderabad,Oil,Sales,1530.022468
16-10-2012,Hyderabad,Oil,Sales,1995.892943
17-10-2012,Hyderabad,Oil,Sales,2406.662553
18-10-2012,Hyderabad,Oil,Sales,2928.644197
19-10-2012,Hyderabad,Oil,Sales,1761.241617
20-10-2012,Hyderabad,Oil,Sales,3040.902639
21-10-2012,Hyderabad,Oil,Sales,2092.309526
22-10-2012,Hyderabad,Oil,Sales,3864.275761
23-10-2012,Hyderabad,Oil,Sales,3592.532182
24-10-2012,Hyderabad,Oil,Sales,2742.144089
25-10-2012,Hyderabad,Oil,Sales,3143.70191
26-10-2012,Hyderabad,Oil,Sales,2668.305195
27-10-2012,Hyderabad,Oil,Sales,1666.115572
28-10-2012,Hyderabad,Oil,Sales,3128.826868
29-10-2012,Hyderabad,Oil,Sales,3064.418179
30-10-2012,Hyderabad,Oil,Sales,3003.840432
31-10-2012,Hyderabad,Oil,Sales,3066.322784
01-11-2012,Hyderabad,Oil,Sales,3021.209499
02-11-2012,Hyderabad,Oil,Sales,3246.323795
03-11-2012,Hyderabad,Oil,Sales,1890.486719
04-11-2012,Hyderabad,Oil,Sales,3564.65131
05-11-2012,Hyderabad,Oil,Sales,3188.933932
06-11-2012,Hyderabad,Oil,Sales,3290.497361
07-11-2012,Hyderabad,Oil,Sales,2401.526875
08-11-2012,Hyderabad,Oil,Sales,2910.002881
09-11-2012,Hyderabad,Oil,Sales,3627.089617
10-11-2012,Hyderabad,Oil,Sales,2286.682317
11-11-2012,Hyderabad,Oil,Sales,3379.856826
12-11-2012,Hyderabad,Oil,Sales,3517.831924
13-11-2012,Hyderabad,Oil,Sales,3276.697284
14-11-2012,Hyderabad,Oil,Sales,2346.041073
15-11-2012,Hyderabad,Oil,Sales,2959.781902
16-11-2012,Hyderabad,Oil,Sales,3020.112892
17-11-2012,Hyderabad,Oil,Sales,2091.958266
18-11-2012,Hyderabad,Oil,Sales,3195.244783
19-11-2012,Hyderabad,Oil,Sales,4165.619832
20-11-2012,Hyderabad,Oil,Sales,3980.787518
21-11-2012,Hyderabad,Oil,Sales,3366.968032
22-11-2012,Hyderabad,Oil,Sales,3932.584726
23-11-2012,Hyderabad,Oil,Sales,2727.717296
24-11-2012,Hyderabad,Oil,Sales,3686.572502
25-11-2012,Hyderabad,Oil,Sales,2366.193547
26-11-2012,Hyderabad,Oil,Sales,3476.735964
27-11-2012,Hyderabad,Oil,Sales,4325.108507
28-11-2012,Hyderabad,Oil,Sales,3487.276109
29-11-2012,Hyderabad,Oil,Sales,4151.401719
30-11-2012,Hyderabad,Oil,Sales,3762.832455
01-12-2012,Hyderabad,Oil,Sales,2022.708998
02-12-2012,Hyderabad,Oil,Sales,1131.514682
03-12-2012,Hyderabad,Oil,Sales,3071.813819
04-12-2012,Hyderabad,Oil,Sales,2726.403434
05-12-2012,Hyderabad,Oil,Sales,4528.532962
06-12-2012,Hyderabad,Oil,Sales,6125.495419
07-12-2012,Hyderabad,Oil,Sales,3476.642731
08-12-2012,Hyderabad,Oil,Sales,3107.121266
